Relationship ID,Subject Entity ID,Relationship Type,Object Entity ID,Source ID,Certainty / Qualification,Notes
REL-0001,ENT-0003,RELATED_TO,ENT-0004,SRC-0162,Legacy explicit relation,Imported from v0.16 Related IDs; relationship semantics require refinement.
REL-0002,ENT-0005,RELATED_TO,ENT-0006,SRC-0031,Legacy explicit relation,Imported from v0.16 Related IDs; relationship semantics require refinement.
REL-0003,ENT-0007,RELATED_TO,ENT-0003,,Legacy explicit relation,Imported from v0.16 Related IDs; relationship semantics require refinement.
REL-0004,ENT-0011,RELATED_TO,ENT-0003,SRC-0016,Legacy explicit relation,Imported from v0.16 Related IDs; relationship semantics require refinement.
REL-0005,ENT-0011,RELATED_TO,ENT-0004,SRC-0016,Legacy explicit relation,Imported from v0.16 Related IDs; relationship semantics require refinement.
REL-0006,ENT-0015,PART_OF,ENT-0016,SRC-0035,Legacy explicit relation,v0.20 high-confidence semantic typing from explicit entity relationship; legacy linkage preserved.
REL-0007,ENT-0015,PART_OF,ENT-0017,SRC-0035,Legacy explicit relation,v0.20 high-confidence semantic typing from explicit entity relationship; legacy linkage preserved.
REL-0008,ENT-0017,SUCCEEDED_BY,ENT-0018,SRC-0035,Legacy explicit relation,v0.20 high-confidence semantic typing from explicit entity relationship; legacy linkage preserved.
REL-0009,ENT-0018,SUCCEEDED_BY,ENT-0019,SRC-0035,Legacy explicit relation,v0.20 high-confidence semantic typing from explicit entity relationship; legacy linkage preserved.
REL-0010,ENT-0026,RELATED_TO,ENT-0025,SRC-0019,Legacy explicit relation,Imported from v0.16 Related IDs; relationship semantics require refinement.
REL-0011,ENT-0032,RELATED_TO,ENT-0031,SRC-0024,Legacy explicit relation,Imported from v0.16 Related IDs; relationship semantics require refinement.
REL-0012,ENT-0034,FIGURE_ASSOCIATED_WITH_TEXT,ENT-0035,SRC-0027,High-confidence semantic typing,Traditional attribution/central figure
REL-0013,ENT-0034,FIGURE_NAMED_IN_MANUSCRIPT_TRADITION,ENT-0036,SRC-0027,High-confidence semantic typing,Figure and manuscript date remain separate
REL-0014,ENT-0034,RELATED_TO,ENT-0037,SRC-0027,Legacy explicit relation,Imported from v0.16 Related IDs; relationship semantics require refinement.
REL-0015,ENT-0035,WORK_ATTESTED_BY_MANUSCRIPT,ENT-0036,SRC-0027,High-confidence semantic typing,Surviving manuscript witness
REL-0016,ENT-0035,RELATED_TO,ENT-0037,SRC-0027,Legacy explicit relation,Imported from v0.16 Related IDs; relationship semantics require refinement.
REL-0017,ENT-0040,FIGURE_CENTRAL_TO_TEXT,ENT-0041,SRC-0028,High-confidence semantic typing,Literary/traditional figure
REL-0018,ENT-0040,RELATED_TO,ENT-0042,SRC-0028,Legacy explicit relation,Imported from v0.16 Related IDs; relationship semantics require refinement.
REL-0019,ENT-0040,RELATED_TO,ENT-0043,SRC-0028,Legacy explicit relation,Imported from v0.16 Related IDs; relationship semantics require refinement.
REL-0020,ENT-0041,RELATED_TO,ENT-0042,SRC-0028,Legacy explicit relation,Imported from v0.16 Related IDs; relationship semantics require refinement.
REL-0021,ENT-0041,RELATED_TO,ENT-0043,SRC-0028,Legacy explicit relation,Imported from v0.16 Related IDs; relationship semantics require refinement.
REL-0022,ENT-0044,RELATED_TO,ENT-0045,SRC-0030,Legacy explicit relation,Imported from v0.16 Related IDs; relationship semantics require refinement.
REL-0023,ENT-0045,RELATED_TO,ENT-0005,SRC-0031,Legacy explicit relation,Imported from v0.16 Related IDs; relationship semantics require refinement.
REL-0024,ENT-0045,AUTHORED,ENT-0006,SRC-0031,Legacy explicit relation,v0.20 high-confidence semantic typing from explicit entity relationship; legacy linkage preserved.
REL-0025,ENT-0045,FOUNDED_BY,ENT-0046,SRC-0031,Legacy explicit relation,v0.20 high-confidence semantic typing from explicit entity relationship; legacy linkage preserved.
REL-0026,ENT-0049,CONTAINS_TEXT,ENT-0050,SRC-0032,High-confidence semantic typing,Codex contents
REL-0027,ENT-0049,CONTAINS_TEXT,ENT-0051,SRC-0032,High-confidence semantic typing,Codex contents
REL-0028,ENT-0053,RELATED_TO,ENT-0052,,Legacy explicit relation,Imported from v0.16 Related IDs; relationship semantics require refinement.
REL-0029,ENT-0054,RELATED_TO,ENT-0055,SRC-0035,Legacy explicit relation,Imported from v0.16 Related IDs; relationship semantics require refinement.
REL-0031,ENT-0059,RELATED_TO,ENT-0060,SRC-0037,Legacy explicit relation,Imported from v0.16 Related IDs; relationship semantics require refinement.
REL-0032,ENT-0061,RULED_BY,ENT-0030,SRC-0038,Legacy explicit relation,v0.20 high-confidence semantic typing from explicit entity relationship; legacy linkage preserved.
REL-0033,ENT-0061,COMMISSIONED_INSCRIPTIONS,ENT-0062,SRC-0038,High-confidence semantic typing,Royal inscriptions
REL-0035,ENT-0067,RULER_ASSOCIATED_WITH_FUNERARY_COMPLEX,ENT-0068,SRC-0041,High-confidence semantic typing,Mausoleum complex
REL-0036,ENT-0069,AUTHORED,ENT-0070,SRC-0035,High-confidence semantic typing,Authorship
REL-0037,ENT-0071,RELATED_TO,ENT-0072,SRC-0042,Legacy explicit relation,Imported from v0.16 Related IDs; relationship semantics require refinement.
REL-0038,ENT-0073,RELATED_TO,ENT-0071,SRC-0043,Legacy explicit relation,Imported from v0.16 Related IDs; relationship semantics require refinement.
REL-0039,ENT-0073,RELATED_TO,ENT-0072,SRC-0043,Legacy explicit relation,Imported from v0.16 Related IDs; relationship semantics require refinement.
REL-0040,ENT-0074,RELATED_TO,ENT-0038,SRC-0044,Legacy explicit relation,Imported from v0.16 Related IDs; relationship semantics require refinement.
REL-0041,ENT-0074,RELATED_TO,ENT-0039,SRC-0044,Legacy explicit relation,Imported from v0.16 Related IDs; relationship semantics require refinement.
REL-0042,ENT-0074,INCLUDES_EVENT,ENT-0075,SRC-0044,Legacy explicit relation,v0.20 high-confidence semantic typing from explicit entity relationship; legacy linkage preserved.
REL-0043,ENT-0077,RELATED_TO,ENT-0076,SRC-0046,Legacy explicit relation,Imported from v0.16 Related IDs; relationship semantics require refinement.
REL-0044,ENT-0084,RELATED_TO,ENT-0085,SRC-0050,Legacy explicit relation,Imported from v0.16 Related IDs; relationship semantics require refinement.
REL-0045,ENT-0094,RELATED_TO,ENT-0095,SRC-0053,Legacy explicit relation,Imported from v0.16 Related IDs; relationship semantics require refinement.
REL-0046,ENT-0097,RELATED_TO,ENT-0098,SRC-0055,Legacy explicit relation,Imported from v0.16 Related IDs; relationship semantics require refinement.
REL-0047,ENT-0100,RELATED_TO,ENT-0101,SRC-0056,Legacy explicit relation,Imported from v0.16 Related IDs; relationship semantics require refinement.
REL-0048,ENT-0101,INCLUDES_EVENT,ENT-0102,SRC-0058,Legacy explicit relation,v0.20 high-confidence semantic typing from explicit entity relationship; legacy linkage preserved.
REL-0049,ENT-0105,RELATED_TO,ENT-0106,SRC-0059,Legacy explicit relation,Imported from v0.16 Related IDs; relationship semantics require refinement.
REL-0050,ENT-0107,PART_OF,ENT-0108,SRC-0060,Legacy explicit relation,v0.20 high-confidence semantic typing from explicit entity relationship; legacy linkage preserved.
REL-0051,ENT-0109,RELATED_TO,ENT-0110,SRC-0061,Legacy explicit relation,Imported from v0.16 Related IDs; relationship semantics require refinement.
REL-0052,ENT-0115,PATRON_OF_BUILDING_PROJECT,ENT-0116,SRC-0179,High-confidence semantic typing,Imperial rebuilding
REL-0053,ENT-0117,PARTICIPATED_IN_EVENT,ENT-0118,SRC-0068,High-confidence semantic typing,Central participant
REL-0054,ENT-0117,RELATED_TO,ENT-0119,SRC-0068,Legacy explicit relation,Imported from v0.16 Related IDs; relationship semantics require refinement.
REL-0055,ENT-0119,SUCCEEDED_BY,ENT-0120,SRC-0069,Legacy explicit relation,v0.20 high-confidence semantic typing from explicit entity relationship; legacy linkage preserved.
REL-0056,ENT-0122,RELATED_TO,ENT-0123,SRC-0190,Legacy explicit relation,Imported from v0.16 Related IDs; relationship semantics require refinement.
REL-0057,ENT-0124,RELATED_TO,ENT-0125,SRC-0073,Legacy explicit relation,Imported from v0.16 Related IDs; relationship semantics require refinement.
REL-0058,ENT-0128,ASSOCIATED_WITH,ENT-0129,SRC-0077,Legacy explicit relation,v0.20 high-confidence semantic typing from explicit entity relationship; legacy linkage preserved.
REL-0059,ENT-0130,RELATED_TO,ENT-0131,SRC-0078,Legacy explicit relation,Imported from v0.16 Related IDs; relationship semantics require refinement.
REL-0060,ENT-0134,RELATED_TO,ENT-0113,SRC-0080,Legacy explicit relation,Imported from v0.16 Related IDs; relationship semantics require refinement.
REL-0061,ENT-0135,RELATED_TO,ENT-0136,SRC-0081,Legacy explicit relation,Imported from v0.16 Related IDs; relationship semantics require refinement.
REL-0062,ENT-0138,PART_OF,ENT-0099,SRC-0083,Legacy explicit relation,v0.20 high-confidence semantic typing from explicit entity relationship; legacy linkage preserved.
REL-0063,ENT-0140,RELATED_TO,ENT-0141,SRC-0085,Legacy explicit relation,Imported from v0.16 Related IDs; relationship semantics require refinement.
REL-0064,ENT-0142,RELATED_TO,ENT-0093,SRC-0086,Legacy explicit relation,Imported from v0.16 Related IDs; relationship semantics require refinement.
REL-0065,ENT-0147,RESULTED_IN,ENT-0114,SRC-0065,Legacy explicit relation,v0.20 high-confidence semantic typing from explicit entity relationship; legacy linkage preserved.
REL-0066,ENT-0148,SPONSORED_VOYAGES,ENT-0149,SRC-0088,High-confidence semantic typing,State-sponsored voyages
REL-0067,ENT-0150,RELATED_TO,ENT-0147,SRC-0093,Legacy explicit relation,Imported from v0.16 Related IDs; relationship semantics require refinement.
REL-0068,ENT-0150,RULED_BY,ENT-0151,SRC-0093,Legacy explicit relation,v0.20 high-confidence semantic typing from explicit entity relationship; legacy linkage preserved.
REL-0069,ENT-0152,RULED_BY,ENT-0153,SRC-0095,Legacy explicit relation,v0.20 high-confidence semantic typing from explicit entity relationship; legacy linkage preserved.
REL-0070,ENT-0154,RULED_BY,ENT-0155,SRC-0096,High-confidence semantic typing,Mughal emperor
REL-0071,ENT-0154,RELATED_TO,ENT-0156,SRC-0096,Legacy explicit relation,Imported from v0.16 Related IDs; relationship semantics require refinement.
REL-0072,ENT-0157,RELATED_TO,ENT-0158,SRC-0098,Legacy explicit relation,Imported from v0.16 Related IDs; relationship semantics require refinement.
REL-0073,ENT-0159,RULED_BY,ENT-0160,SRC-0099,High-confidence semantic typing,Qing emperor
REL-0074,ENT-0161,RELATED_TO,ENT-0162,SRC-0100,Legacy explicit relation,Imported from v0.16 Related IDs; relationship semantics require refinement.
REL-0075,ENT-0163,RELATED_TO,ENT-0164,SRC-0101,Legacy explicit relation,Imported from v0.16 Related IDs; relationship semantics require refinement.
REL-0076,ENT-0165,PART_OF,ENT-0166,SRC-0102,Legacy explicit relation,v0.20 high-confidence semantic typing from explicit entity relationship; legacy linkage preserved.
REL-0077,ENT-0167,RELATED_TO,ENT-0168,SRC-0213,Legacy explicit relation,Imported from v0.16 Related IDs; relationship semantics require refinement.
REL-0078,ENT-0169,RESULTED_IN,ENT-0140,SRC-0105,Legacy explicit relation,v0.20 high-confidence semantic typing from explicit entity relationship; legacy linkage preserved.
REL-0079,ENT-0169,OCCURRED_WITHIN,ENT-0141,SRC-0105,Legacy explicit relation,v0.20 high-confidence semantic typing from explicit entity relationship; legacy linkage preserved.
REL-0080,ENT-0170,RELATED_TO,ENT-0142,SRC-0086,Legacy explicit relation,Imported from v0.16 Related IDs; relationship semantics require refinement.
REL-0081,ENT-0171,RELATED_TO,ENT-0172,SRC-0106,Legacy explicit relation,Imported from v0.16 Related IDs; relationship semantics require refinement.
REL-0082,ENT-0173,RELATED_TO,ENT-0171,,Legacy explicit relation,Imported from v0.16 Related IDs; relationship semantics require refinement.
REL-0083,ENT-0174,AUTHORED,ENT-0175,SRC-0107,High-confidence semantic typing,Authorship
REL-0084,ENT-0176,AUTHORED,ENT-0177,,High-confidence semantic typing,Authorship
REL-0085,ENT-0178,AUTHORED,ENT-0179,SRC-0108,High-confidence semantic typing,Authorship
REL-0086,ENT-0180,RELATED_TO,ENT-0181,SRC-0109,Legacy explicit relation,Imported from v0.16 Related IDs; relationship semantics require refinement.
REL-0087,ENT-0184,RELATED_TO,ENT-0185,SRC-0214,Legacy explicit relation,Imported from v0.16 Related IDs; relationship semantics require refinement.
REL-0088,ENT-0186,RELATED_TO,ENT-0187,SRC-0112,Legacy explicit relation,Imported from v0.16 Related IDs; relationship semantics require refinement.
REL-0089,ENT-0189,PRODUCED_DOCUMENT,ENT-0190,SRC-0113,High-confidence semantic typing,Political document
REL-0090,ENT-0191,RELATED_TO,ENT-0165,,Legacy explicit relation,Imported from v0.16 Related IDs; relationship semantics require refinement.
REL-0091,ENT-0192,RESULTED_FROM,ENT-0191,,High-confidence semantic typing,Independence followed revolution
REL-0092,ENT-0194,RELATED_TO,ENT-0195,SRC-0116,Legacy explicit relation,Imported from v0.16 Related IDs; relationship semantics require refinement.
REL-0093,ENT-0196,RELATED_TO,ENT-0197,,Legacy explicit relation,Imported from v0.16 Related IDs; relationship semantics require refinement.
REL-0094,ENT-0196,RELATED_TO,ENT-0198,,Legacy explicit relation,Imported from v0.16 Related IDs; relationship semantics require refinement.
REL-0095,ENT-0199,OCCURRED_WITHIN,ENT-0159,SRC-0099,Legacy explicit relation,v0.20 high-confidence semantic typing from explicit entity relationship; legacy linkage preserved.
REL-0096,ENT-0201,RESULTED_IN,ENT-0202,SRC-0118,Legacy explicit relation,v0.20 high-confidence semantic typing from explicit entity relationship; legacy linkage preserved.
REL-0097,ENT-0203,RELATED_TO,ENT-0204,SRC-0119,Legacy explicit relation,Imported from v0.16 Related IDs; relationship semantics require refinement.
REL-0098,ENT-0205,RELATED_TO,ENT-0206,SRC-0120,Legacy explicit relation,Imported from v0.16 Related IDs; relationship semantics require refinement.
REL-0099,ENT-0207,RELATED_TO,ENT-0208,SRC-0220,Legacy explicit relation,Imported from v0.16 Related IDs; relationship semantics require refinement.
REL-0100,ENT-0209,INCLUDES_EVENT,ENT-0210,SRC-0122,Legacy explicit relation,v0.20 high-confidence semantic typing from explicit entity relationship; legacy linkage preserved.
REL-0101,ENT-0215,RELATED_TO,ENT-0216,SRC-0125,Legacy explicit relation,Imported from v0.16 Related IDs; relationship semantics require refinement.
REL-0102,ENT-0215,RELATED_TO,ENT-0217,SRC-0125,Legacy explicit relation,Imported from v0.16 Related IDs; relationship semantics require refinement.
REL-0103,ENT-0217,RELATED_TO,ENT-0218,,Legacy explicit relation,Imported from v0.16 Related IDs; relationship semantics require refinement.
REL-0104,ENT-0219,RELATED_TO,ENT-0215,SRC-0234,Legacy explicit relation,Imported from v0.16 Related IDs; relationship semantics require refinement.
REL-0105,ENT-0220,RELATED_TO,ENT-0150,,Legacy explicit relation,Imported from v0.16 Related IDs; relationship semantics require refinement.
REL-0106,ENT-0222,RELATED_TO,ENT-0223,SRC-0236,Legacy explicit relation,Imported from v0.16 Related IDs; relationship semantics require refinement.
REL-0107,ENT-0222,RELATED_TO,ENT-0224,SRC-0236,Legacy explicit relation,Imported from v0.16 Related IDs; relationship semantics require refinement.
REL-0108,ENT-0222,RELATED_TO,ENT-0225,SRC-0236,Legacy explicit relation,Imported from v0.16 Related IDs; relationship semantics require refinement.
REL-0109,ENT-0224,RELATED_TO,ENT-0226,,Legacy explicit relation,Imported from v0.16 Related IDs; relationship semantics require refinement.
REL-0110,ENT-0227,RELATED_TO,ENT-0203,,Legacy explicit relation,Imported from v0.16 Related IDs; relationship semantics require refinement.
REL-0111,ENT-0229,RELATED_TO,ENT-0230,SRC-0132,Legacy explicit relation,Imported from v0.16 Related IDs; relationship semantics require refinement.
REL-0112,ENT-0231,RELATED_TO,ENT-0218,SRC-0133,Legacy explicit relation,Imported from v0.16 Related IDs; relationship semantics require refinement.
REL-0113,ENT-0231,RELATED_TO,ENT-0232,SRC-0133,Legacy explicit relation,Imported from v0.16 Related IDs; relationship semantics require refinement.
REL-0114,ENT-0233,RELATED_TO,ENT-0234,SRC-0134,Legacy explicit relation,Imported from v0.16 Related IDs; relationship semantics require refinement.
REL-0115,ENT-0235,RELATED_TO,ENT-0236,,Legacy explicit relation,Imported from v0.16 Related IDs; relationship semantics require refinement.
REL-0116,ENT-0235,RELATED_TO,ENT-0237,,Legacy explicit relation,Imported from v0.16 Related IDs; relationship semantics require refinement.
REL-0117,ENT-0238,RELATED_TO,ENT-0231,,Legacy explicit relation,Imported from v0.16 Related IDs; relationship semantics require refinement.
REL-0118,ENT-0239,RELATED_TO,ENT-0240,,Legacy explicit relation,Imported from v0.16 Related IDs; relationship semantics require refinement.
REL-0119,ENT-0241,RELATED_TO,ENT-0231,,Legacy explicit relation,Imported from v0.16 Related IDs; relationship semantics require refinement.
REL-0120,ENT-0241,RELATED_TO,ENT-0218,,Legacy explicit relation,Imported from v0.16 Related IDs; relationship semantics require refinement.
REL-0121,ENT-0242,RELATED_TO,ENT-0218,,Legacy explicit relation,Imported from v0.16 Related IDs; relationship semantics require refinement.
REL-0122,ENT-0242,RELATED_TO,ENT-0231,,Legacy explicit relation,Imported from v0.16 Related IDs; relationship semantics require refinement.
REL-0123,ENT-0243,RELATED_TO,ENT-0244,,Legacy explicit relation,Imported from v0.16 Related IDs; relationship semantics require refinement.
REL-0124,ENT-0245,RELATED_TO,ENT-0246,,Legacy explicit relation,Imported from v0.16 Related IDs; relationship semantics require refinement.
REL-0125,ENT-0251,RELATED_TO,ENT-0031,SRC-0140,Legacy explicit relation,Imported from v0.16 Related IDs; relationship semantics require refinement.
REL-0126,ENT-0251,RELATED_TO,ENT-0252,SRC-0140,Legacy explicit relation,Imported from v0.16 Related IDs; relationship semantics require refinement.
REL-0127,ENT-0253,RELATED_TO,ENT-0251,,Legacy explicit relation,Imported from v0.16 Related IDs; relationship semantics require refinement.
REL-0128,ENT-0253,RELATED_TO,ENT-0103,,Legacy explicit relation,Imported from v0.16 Related IDs; relationship semantics require refinement.
REL-0129,ENT-0261,RELATED_TO,ENT-0008,,Legacy explicit relation,Imported from v0.16 Related IDs; relationship semantics require refinement.
REL-0130,ENT-0262,RELATED_TO,ENT-0263,SRC-0146,Legacy explicit relation,Imported from v0.16 Related IDs; relationship semantics require refinement.
REL-0131,ENT-0262,RELATED_TO,ENT-0264,SRC-0146,Legacy explicit relation,Imported from v0.16 Related IDs; relationship semantics require refinement.
REL-0132,ENT-0264,RELATED_TO,ENT-0265,SRC-0147,Legacy explicit relation,Imported from v0.16 Related IDs; relationship semantics require refinement.
REL-0133,ENT-0266,RELATED_TO,ENT-0267,,Legacy explicit relation,Imported from v0.16 Related IDs; relationship semantics require refinement.
REL-0134,ENT-0268,RELATED_TO,ENT-0269,SRC-0148,Legacy explicit relation,Imported from v0.16 Related IDs; relationship semantics require refinement.
REL-0135,ENT-0270,RELATED_TO,ENT-0271,SRC-0149,Legacy explicit relation,Imported from v0.16 Related IDs; relationship semantics require refinement.
REL-0136,ENT-0272,RELATED_TO,ENT-0273,,Legacy explicit relation,Imported from v0.16 Related IDs; relationship semantics require refinement.
REL-0137,ENT-0273,RELATED_TO,ENT-0274,SRC-0150,Legacy explicit relation,Imported from v0.16 Related IDs; relationship semantics require refinement.
REL-0138,ENT-0275,RELATED_TO,ENT-0276,SRC-0151,Legacy explicit relation,Imported from v0.16 Related IDs; relationship semantics require refinement.
REL-0139,ENT-0275,RELATED_TO,ENT-0277,SRC-0151,Legacy explicit relation,Imported from v0.16 Related IDs; relationship semantics require refinement.
REL-0140,ENT-0275,RELATED_TO,ENT-0278,SRC-0151,Legacy explicit relation,Imported from v0.16 Related IDs; relationship semantics require refinement.
REL-0141,ENT-0277,RELATED_TO,ENT-0278,,Legacy explicit relation,Imported from v0.16 Related IDs; relationship semantics require refinement.
REL-0142,ENT-0279,RELATED_TO,ENT-0280,SRC-0151,Legacy explicit relation,Imported from v0.16 Related IDs; relationship semantics require refinement.
REL-0143,ENT-0280,RELATED_TO,ENT-0281,,Legacy explicit relation,Imported from v0.16 Related IDs; relationship semantics require refinement.
REL-0144,ENT-0282,RELATED_TO,ENT-0283,,Legacy explicit relation,Imported from v0.16 Related IDs; relationship semantics require refinement.
REL-0145,ENT-0283,RELATED_TO,ENT-0284,SRC-0154,Legacy explicit relation,Imported from v0.16 Related IDs; relationship semantics require refinement.
REL-0146,ENT-0285,RELATED_TO,ENT-0286,SRC-0155,Legacy explicit relation,Imported from v0.16 Related IDs; relationship semantics require refinement.
REL-0147,ENT-0287,RELATED_TO,ENT-0008,,Legacy explicit relation,Imported from v0.16 Related IDs; relationship semantics require refinement.
REL-0148,ENT-0288,RELATED_TO,ENT-0008,SRC-0156,Legacy explicit relation,Imported from v0.16 Related IDs; relationship semantics require refinement.
REL-0149,ENT-0289,RELATED_TO,ENT-0281,,Legacy explicit relation,Imported from v0.16 Related IDs; relationship semantics require refinement.
REL-0150,ENT-0289,RELATED_TO,ENT-0283,,Legacy explicit relation,Imported from v0.16 Related IDs; relationship semantics require refinement.
REL-0151,ENT-0290,RELATED_TO,ENT-0289,SRC-0151,Legacy explicit relation,Imported from v0.16 Related IDs; relationship semantics require refinement.
REL-0152,ENT-0291,RELATED_TO,ENT-0292,,Legacy explicit relation,Imported from v0.16 Related IDs; relationship semantics require refinement.
REL-0153,ENT-0291,RELATED_TO,ENT-0293,,Legacy explicit relation,Imported from v0.16 Related IDs; relationship semantics require refinement.
REL-0154,ENT-0294,RELATED_TO,ENT-0291,,Legacy explicit relation,Imported from v0.16 Related IDs; relationship semantics require refinement.
REL-0155,ENT-0294,RELATED_TO,ENT-0292,,Legacy explicit relation,Imported from v0.16 Related IDs; relationship semantics require refinement.
REL-0156,ENT-0294,RELATED_TO,ENT-0293,,Legacy explicit relation,Imported from v0.16 Related IDs; relationship semantics require refinement.
REL-0157,ENT-0295,RELATED_TO,ENT-0296,SRC-0157,Legacy explicit relation,Imported from v0.16 Related IDs; relationship semantics require refinement.
REL-0158,ENT-0296,RELATED_TO,ENT-0044,,Legacy explicit relation,Imported from v0.16 Related IDs; relationship semantics require refinement.
REL-0159,ENT-0299,RELATED_TO,ENT-0300,,Legacy explicit relation,Imported from v0.16 Related IDs; relationship semantics require refinement.
REL-0160,ENT-0301,RELATED_TO,ENT-0302,SRC-0160,Legacy explicit relation,Imported from v0.16 Related IDs; relationship semantics require refinement.
REL-0161,ENT-0301,RELATED_TO,ENT-0303,SRC-0160,Legacy explicit relation,Imported from v0.16 Related IDs; relationship semantics require refinement.
REL-0162,ENT-0302,RELATED_TO,ENT-0304,SRC-0160,Legacy explicit relation,Imported from v0.16 Related IDs; relationship semantics require refinement.
REL-0163,ENT-0303,RELATED_TO,ENT-0010,SRC-0160,Legacy explicit relation,Imported from v0.16 Related IDs; relationship semantics require refinement.
REL-0164,ENT-0304,RELATED_TO,ENT-0011,,Legacy explicit relation,Imported from v0.16 Related IDs; relationship semantics require refinement.
REL-0165,ENT-0304,RELATED_TO,ENT-0305,,Legacy explicit relation,Imported from v0.16 Related IDs; relationship semantics require refinement.
REL-0166,ENT-0305,RELATED_TO,ENT-0307,,Legacy explicit relation,Imported from v0.16 Related IDs; relationship semantics require refinement.
REL-0167,ENT-0306,RELATED_TO,ENT-0307,SRC-0161,Legacy explicit relation,Imported from v0.16 Related IDs; relationship semantics require refinement.
REL-0168,ENT-0306,RELATED_TO,ENT-0004,SRC-0161,Legacy explicit relation,Imported from v0.16 Related IDs; relationship semantics require refinement.
REL-0169,ENT-0004,RELATED_TO,ENT-0307,SRC-0162,Legacy explicit relation,Imported from v0.16 Related IDs; relationship semantics require refinement.
REL-0170,ENT-0074,RELATED_TO,ENT-0308,,Legacy explicit relation,Imported from v0.16 Related IDs; relationship semantics require refinement.
REL-0171,ENT-0074,RELATED_TO,ENT-0326,,Legacy explicit relation,Imported from v0.16 Related IDs; relationship semantics require refinement.
REL-0172,ENT-0052,RELATED_TO,ENT-0309,SRC-0163,Legacy explicit relation,Imported from v0.16 Related IDs; relationship semantics require refinement.
REL-0173,ENT-0310,RELATED_TO,ENT-0311,SRC-0163,Legacy explicit relation,Imported from v0.16 Related IDs; relationship semantics require refinement.
REL-0174,ENT-0056,RELATED_TO,ENT-0313,SRC-0164,Legacy explicit relation,Imported from v0.16 Related IDs; relationship semantics require refinement.
REL-0175,ENT-0313,RELATED_TO,ENT-0315,SRC-0164,Legacy explicit relation,Imported from v0.16 Related IDs; relationship semantics require refinement.
REL-0176,ENT-0314,RELATED_TO,ENT-0056,SRC-0164,Legacy explicit relation,Imported from v0.16 Related IDs; relationship semantics require refinement.
REL-0177,ENT-0314,RELATED_TO,ENT-0058,SRC-0164,Legacy explicit relation,Imported from v0.16 Related IDs; relationship semantics require refinement.
REL-0178,ENT-0314,RELATED_TO,ENT-0030,SRC-0164,Legacy explicit relation,Imported from v0.16 Related IDs; relationship semantics require refinement.
REL-0179,ENT-0061,COMMISSIONED_INSCRIPTIONS,ENT-0315,SRC-0164,High-confidence semantic typing,Royal inscriptions
REL-0180,ENT-0316,RELATED_TO,ENT-0044,,Legacy explicit relation,Imported from v0.16 Related IDs; relationship semantics require refinement.
REL-0181,ENT-0316,RELATED_TO,ENT-0045,,Legacy explicit relation,Imported from v0.16 Related IDs; relationship semantics require refinement.
REL-0182,ENT-0045,RELATED_TO,ENT-0296,,Legacy explicit relation,Imported from v0.16 Related IDs; relationship semantics require refinement.
REL-0183,ENT-0045,RELATED_TO,ENT-0317,,Legacy explicit relation,Imported from v0.16 Related IDs; relationship semantics require refinement.
REL-0184,ENT-0317,RELATED_TO,ENT-0318,,Legacy explicit relation,Imported from v0.16 Related IDs; relationship semantics require refinement.
REL-0185,ENT-0318,RELATED_TO,ENT-0306,,Legacy explicit relation,Imported from v0.16 Related IDs; relationship semantics require refinement.
REL-0186,ENT-0318,RELATED_TO,ENT-0319,,Legacy explicit relation,Imported from v0.16 Related IDs; relationship semantics require refinement.
REL-0187,ENT-0320,RELATED_TO,ENT-0321,SRC-0169,Legacy explicit relation,Imported from v0.16 Related IDs; relationship semantics require refinement.
REL-0188,ENT-0320,RELATED_TO,ENT-0071,SRC-0169,Legacy explicit relation,Imported from v0.16 Related IDs; relationship semantics require refinement.
REL-0189,ENT-0321,RELATED_TO,ENT-0071,,Legacy explicit relation,Imported from v0.16 Related IDs; relationship semantics require refinement.
REL-0190,ENT-0071,RELATED_TO,ENT-0322,SRC-0170,Legacy explicit relation,Imported from v0.16 Related IDs; relationship semantics require refinement.
REL-0191,ENT-0322,RELATED_TO,ENT-0114,,Legacy explicit relation,Imported from v0.16 Related IDs; relationship semantics require refinement.
REL-0192,ENT-0323,RELATED_TO,ENT-0321,,Legacy explicit relation,Imported from v0.16 Related IDs; relationship semantics require refinement.
REL-0193,ENT-0323,RELATED_TO,ENT-0071,,Legacy explicit relation,Imported from v0.16 Related IDs; relationship semantics require refinement.
REL-0194,ENT-0324,RELATED_TO,ENT-0074,,Legacy explicit relation,Imported from v0.16 Related IDs; relationship semantics require refinement.
REL-0195,ENT-0324,RELATED_TO,ENT-0325,,Legacy explicit relation,Imported from v0.16 Related IDs; relationship semantics require refinement.
REL-0196,ENT-0325,RELATED_TO,ENT-0074,,Legacy explicit relation,Imported from v0.16 Related IDs; relationship semantics require refinement.
REL-0197,ENT-0325,RELATED_TO,ENT-0326,,Legacy explicit relation,Imported from v0.16 Related IDs; relationship semantics require refinement.
REL-0198,ENT-0326,RELATED_TO,ENT-0327,SRC-0166,Legacy explicit relation,Imported from v0.16 Related IDs; relationship semantics require refinement.
REL-0199,ENT-0326,RELATED_TO,ENT-0328,SRC-0166,Legacy explicit relation,Imported from v0.16 Related IDs; relationship semantics require refinement.
REL-0200,ENT-0326,RELATED_TO,ENT-0329,SRC-0166,Legacy explicit relation,Imported from v0.16 Related IDs; relationship semantics require refinement.
REL-0201,ENT-0327,RELATED_TO,ENT-0034,SRC-0166,Legacy explicit relation,Imported from v0.16 Related IDs; relationship semantics require refinement.
REL-0202,ENT-0073,RELATED_TO,ENT-0332,,Legacy explicit relation,Imported from v0.16 Related IDs; relationship semantics require refinement.
REL-0203,ENT-0073,RELATED_TO,ENT-0333,,Legacy explicit relation,Imported from v0.16 Related IDs; relationship semantics require refinement.
REL-0204,ENT-0332,RELATED_TO,ENT-0333,SRC-0171,Legacy explicit relation,Imported from v0.16 Related IDs; relationship semantics require refinement.
REL-0205,ENT-0075,RELATED_TO,ENT-0074,,Legacy explicit relation,Imported from v0.16 Related IDs; relationship semantics require refinement.
REL-0206,ENT-0075,RELATED_TO,ENT-0322,,Legacy explicit relation,Imported from v0.16 Related IDs; relationship semantics require refinement.
REL-0207,ENT-0067,RELATED_TO,ENT-0018,SRC-0163,Legacy explicit relation,Imported from v0.16 Related IDs; relationship semantics require refinement.
REL-0208,ENT-0067,RULER_ASSOCIATED_WITH_FUNERARY_COMPLEX,ENT-0068,SRC-0163,High-confidence semantic typing,Mausoleum complex
REL-0209,ENT-0337,RELATED_TO,ENT-0019,SRC-0165,Legacy explicit relation,Imported from v0.16 Related IDs; relationship semantics require refinement.
REL-0210,ENT-0337,RELATED_TO,ENT-0069,SRC-0165,Legacy explicit relation,Imported from v0.16 Related IDs; relationship semantics require refinement.
REL-0211,ENT-0339,RELATED_TO,ENT-0104,,Legacy explicit relation,Imported from v0.16 Related IDs; relationship semantics require refinement.
REL-0212,ENT-0340,RELATED_TO,ENT-0094,SRC-0174,Legacy explicit relation,Imported from v0.16 Related IDs; relationship semantics require refinement.
REL-0213,ENT-0341,RELATED_TO,ENT-0098,SRC-0189,Legacy explicit relation,Imported from v0.16 Related IDs; relationship semantics require refinement.
REL-0214,ENT-0342,RELATED_TO,ENT-0343,SRC-0175,Legacy explicit relation,Imported from v0.16 Related IDs; relationship semantics require refinement.
REL-0215,ENT-0342,RELATED_TO,ENT-0345,SRC-0175,Legacy explicit relation,Imported from v0.16 Related IDs; relationship semantics require refinement.
REL-0216,ENT-0343,RELATED_TO,ENT-0115,SRC-0175,Legacy explicit relation,Imported from v0.16 Related IDs; relationship semantics require refinement.
REL-0217,ENT-0115,PATRON_OF_BUILDING_PROJECT,ENT-0344,SRC-0179,High-confidence semantic typing,Imperial rebuilding
REL-0218,ENT-0345,RELATED_TO,ENT-0117,SRC-0176,Legacy explicit relation,Imported from v0.16 Related IDs; relationship semantics require refinement.
REL-0219,ENT-0117,PARTICIPATED_IN_EVENT,ENT-0346,SRC-0178,High-confidence semantic typing,Central participant
REL-0220,ENT-0117,RELATED_TO,ENT-0347,SRC-0178,Legacy explicit relation,Imported from v0.16 Related IDs; relationship semantics require refinement.
REL-0221,ENT-0347,RELATED_TO,ENT-0348,SRC-0176,Legacy explicit relation,Imported from v0.16 Related IDs; relationship semantics require refinement.
REL-0222,ENT-0348,RELATED_TO,ENT-0349,SRC-0176,Legacy explicit relation,Imported from v0.16 Related IDs; relationship semantics require refinement.
REL-0223,ENT-0350,RELATED_TO,ENT-0351,SRC-0177,Legacy explicit relation,Imported from v0.16 Related IDs; relationship semantics require refinement.
REL-0224,ENT-0350,RELATED_TO,ENT-0352,SRC-0177,Legacy explicit relation,Imported from v0.16 Related IDs; relationship semantics require refinement.
REL-0225,ENT-0353,RELATED_TO,ENT-0115,SRC-0180,Legacy explicit relation,Imported from v0.16 Related IDs; relationship semantics require refinement.
REL-0226,ENT-0354,RELATED_TO,ENT-0355,SRC-0179,Legacy explicit relation,Imported from v0.16 Related IDs; relationship semantics require refinement.
REL-0227,ENT-0355,RELATED_TO,ENT-0356,SRC-0179,Legacy explicit relation,Imported from v0.16 Related IDs; relationship semantics require refinement.
REL-0228,ENT-0357,RELATED_TO,ENT-0358,,Legacy explicit relation,Imported from v0.16 Related IDs; relationship semantics require refinement.
REL-0229,ENT-0135,RELATED_TO,ENT-0359,,Legacy explicit relation,Imported from v0.16 Related IDs; relationship semantics require refinement.
REL-0230,ENT-0360,RELATED_TO,ENT-0361,SRC-0181,Legacy explicit relation,Imported from v0.16 Related IDs; relationship semantics require refinement.
REL-0231,ENT-0362,RELATED_TO,ENT-0363,SRC-0193,Legacy explicit relation,Imported from v0.16 Related IDs; relationship semantics require refinement.
REL-0232,ENT-0121,RELATED_TO,ENT-0364,SRC-0182,Legacy explicit relation,Imported from v0.16 Related IDs; relationship semantics require refinement.
REL-0233,ENT-0121,RELATED_TO,ENT-0365,SRC-0182,Legacy explicit relation,Imported from v0.16 Related IDs; relationship semantics require refinement.
REL-0234,ENT-0366,RELATED_TO,ENT-0367,,Legacy explicit relation,Imported from v0.16 Related IDs; relationship semantics require refinement.
REL-0235,ENT-0367,RELATED_TO,ENT-0368,SRC-0183,Legacy explicit relation,Imported from v0.16 Related IDs; relationship semantics require refinement.
REL-0236,ENT-0369,RELATED_TO,ENT-0370,,Legacy explicit relation,Imported from v0.16 Related IDs; relationship semantics require refinement.
REL-0237,ENT-0372,RELATED_TO,ENT-0373,SRC-0184,Legacy explicit relation,Imported from v0.16 Related IDs; relationship semantics require refinement.
REL-0238,ENT-0374,RELATED_TO,ENT-0375,,Legacy explicit relation,Imported from v0.16 Related IDs; relationship semantics require refinement.
REL-0239,ENT-0376,RELATED_TO,ENT-0129,SRC-0186,Legacy explicit relation,Imported from v0.16 Related IDs; relationship semantics require refinement.
REL-0240,ENT-0139,RELATED_TO,ENT-0377,SRC-0084,Legacy explicit relation,Imported from v0.16 Related IDs; relationship semantics require refinement.
REL-0241,ENT-0139,RELATED_TO,ENT-0378,SRC-0084,Legacy explicit relation,Imported from v0.16 Related IDs; relationship semantics require refinement.
REL-0242,ENT-0379,RELATED_TO,ENT-0380,SRC-0188,Legacy explicit relation,Imported from v0.16 Related IDs; relationship semantics require refinement.
REL-0243,ENT-0380,RELATED_TO,ENT-0139,,Legacy explicit relation,Imported from v0.16 Related IDs; relationship semantics require refinement.
REL-0244,ENT-0381,RELATED_TO,ENT-0382,,Legacy explicit relation,Imported from v0.16 Related IDs; relationship semantics require refinement.
REL-0245,ENT-0383,RELATED_TO,ENT-0384,,Legacy explicit relation,Imported from v0.16 Related IDs; relationship semantics require refinement.
REL-0246,ENT-0385,RELATED_TO,ENT-0386,SRC-0189,Legacy explicit relation,Imported from v0.16 Related IDs; relationship semantics require refinement.
REL-0247,ENT-0386,RELATED_TO,ENT-0387,SRC-0190,Legacy explicit relation,Imported from v0.16 Related IDs; relationship semantics require refinement.
REL-0248,ENT-0386,RELATED_TO,ENT-0388,SRC-0190,Legacy explicit relation,Imported from v0.16 Related IDs; relationship semantics require refinement.
REL-0249,ENT-0389,RELATED_TO,ENT-0390,SRC-0190,Legacy explicit relation,Imported from v0.16 Related IDs; relationship semantics require refinement.
REL-0250,ENT-0390,RELATED_TO,ENT-0391,SRC-0191,Legacy explicit relation,Imported from v0.16 Related IDs; relationship semantics require refinement.
REL-0251,ENT-0390,RELATED_TO,ENT-0124,SRC-0191,Legacy explicit relation,Imported from v0.16 Related IDs; relationship semantics require refinement.
REL-0252,ENT-0391,RELATED_TO,ENT-0124,SRC-0190,Legacy explicit relation,Imported from v0.16 Related IDs; relationship semantics require refinement.
REL-0253,ENT-0124,RELATED_TO,ENT-0392,SRC-0190,Legacy explicit relation,Imported from v0.16 Related IDs; relationship semantics require refinement.
REL-0254,ENT-0393,RELATED_TO,ENT-0394,,Legacy explicit relation,Imported from v0.16 Related IDs; relationship semantics require refinement.
REL-0255,ENT-0395,RELATED_TO,ENT-0393,,Legacy explicit relation,Imported from v0.16 Related IDs; relationship semantics require refinement.
REL-0256,ENT-0395,RELATED_TO,ENT-0394,,Legacy explicit relation,Imported from v0.16 Related IDs; relationship semantics require refinement.
REL-0257,ENT-0396,RELATED_TO,ENT-0397,,Legacy explicit relation,Imported from v0.16 Related IDs; relationship semantics require refinement.
REL-0258,ENT-0398,RELATED_TO,ENT-0399,SRC-0192,Legacy explicit relation,Imported from v0.16 Related IDs; relationship semantics require refinement.
REL-0259,ENT-0399,RELATED_TO,ENT-0400,SRC-0192,Legacy explicit relation,Imported from v0.16 Related IDs; relationship semantics require refinement.
REL-0260,ENT-0130,RULED_BY,ENT-0401,SRC-0193,High-confidence semantic typing,Ruler of Mali
REL-0261,ENT-0401,PARTICIPATED_IN_EVENT,ENT-0402,SRC-0193,High-confidence semantic typing,Pilgrimage
REL-0262,ENT-0403,RELATED_TO,ENT-0404,SRC-0079,Legacy explicit relation,Imported from v0.16 Related IDs; relationship semantics require refinement.
REL-0263,ENT-0405,RELATED_TO,ENT-0406,,Legacy explicit relation,Imported from v0.16 Related IDs; relationship semantics require refinement.
REL-0264,ENT-0407,RELATED_TO,ENT-0408,,Legacy explicit relation,Imported from v0.16 Related IDs; relationship semantics require refinement.
REL-0265,ENT-0408,RELATED_TO,ENT-0129,SRC-0186,Legacy explicit relation,Imported from v0.16 Related IDs; relationship semantics require refinement.
REL-0266,ENT-0409,RELATED_TO,ENT-0410,SRC-0196,Legacy explicit relation,Imported from v0.16 Related IDs; relationship semantics require refinement.
REL-0267,ENT-0143,RELATED_TO,ENT-0412,SRC-0197,Legacy explicit relation,Imported from v0.16 Related IDs; relationship semantics require refinement.
REL-0268,ENT-0413,RELATED_TO,ENT-0143,,Legacy explicit relation,Imported from v0.16 Related IDs; relationship semantics require refinement.
REL-0269,ENT-0414,RELATED_TO,ENT-0415,,Legacy explicit relation,Imported from v0.16 Related IDs; relationship semantics require refinement.
REL-0270,ENT-0416,RELATED_TO,ENT-0417,SRC-0199,Legacy explicit relation,Imported from v0.16 Related IDs; relationship semantics require refinement.
REL-0271,ENT-0417,RELATED_TO,ENT-0418,SRC-0199,Legacy explicit relation,Imported from v0.16 Related IDs; relationship semantics require refinement.
REL-0272,ENT-0419,RELATED_TO,ENT-0420,,Legacy explicit relation,Imported from v0.16 Related IDs; relationship semantics require refinement.
REL-0273,ENT-0421,RELATED_TO,ENT-0422,SRC-0201,Legacy explicit relation,Imported from v0.16 Related IDs; relationship semantics require refinement.
REL-0274,ENT-0422,RELATED_TO,ENT-0401,,Legacy explicit relation,Imported from v0.16 Related IDs; relationship semantics require refinement.
REL-0275,ENT-0423,RELATED_TO,ENT-0391,SRC-0202,Legacy explicit relation,Imported from v0.16 Related IDs; relationship semantics require refinement.
REL-0276,ENT-0423,RELATED_TO,ENT-0124,SRC-0202,Legacy explicit relation,Imported from v0.16 Related IDs; relationship semantics require refinement.
REL-0277,ENT-0424,RELATED_TO,ENT-0425,,Legacy explicit relation,Imported from v0.16 Related IDs; relationship semantics require refinement.
REL-0278,ENT-0426,RELATED_TO,ENT-0114,,Legacy explicit relation,Imported from v0.16 Related IDs; relationship semantics require refinement.
REL-0279,ENT-0149,SPONSORED_BY,ENT-0427,SRC-0203,High-confidence semantic typing,Ming sponsorship
REL-0280,ENT-0428,RELATED_TO,ENT-0386,,Legacy explicit relation,Imported from v0.16 Related IDs; relationship semantics require refinement.
REL-0281,ENT-0429,RELATED_TO,ENT-0428,,Legacy explicit relation,Imported from v0.16 Related IDs; relationship semantics require refinement.
REL-0282,ENT-0432,RELATED_TO,ENT-0433,,Legacy explicit relation,Imported from v0.16 Related IDs; relationship semantics require refinement.
REL-0283,ENT-0434,RELATED_TO,ENT-0173,,Legacy explicit relation,Imported from v0.16 Related IDs; relationship semantics require refinement.
REL-0284,ENT-0174,RELATED_TO,ENT-0176,,Legacy explicit relation,Imported from v0.16 Related IDs; relationship semantics require refinement.
REL-0285,ENT-0176,RELATED_TO,ENT-0178,,Legacy explicit relation,Imported from v0.16 Related IDs; relationship semantics require refinement.
REL-0286,ENT-0435,RELATED_TO,ENT-0436,SRC-0204,Legacy explicit relation,Imported from v0.16 Related IDs; relationship semantics require refinement.
REL-0287,ENT-0435,RELATED_TO,ENT-0437,SRC-0204,Legacy explicit relation,Imported from v0.16 Related IDs; relationship semantics require refinement.
REL-0288,ENT-0436,RELATED_TO,ENT-0437,SRC-0204,Legacy explicit relation,Imported from v0.16 Related IDs; relationship semantics require refinement.
REL-0289,ENT-0438,RELATED_TO,ENT-0439,SRC-0205,Legacy explicit relation,Imported from v0.16 Related IDs; relationship semantics require refinement.
REL-0290,ENT-0438,RELATED_TO,ENT-0440,SRC-0205,Legacy explicit relation,Imported from v0.16 Related IDs; relationship semantics require refinement.
REL-0291,ENT-0440,RELATED_TO,ENT-0435,SRC-0204,Legacy explicit relation,Imported from v0.16 Related IDs; relationship semantics require refinement.
REL-0292,ENT-0441,RULED_BY,ENT-0155,SRC-0206,High-confidence semantic typing,Mughal emperor
REL-0293,ENT-0441,RELATED_TO,ENT-0442,SRC-0206,Legacy explicit relation,Imported from v0.16 Related IDs; relationship semantics require refinement.
REL-0294,ENT-0443,RELATED_TO,ENT-0444,SRC-0207,Legacy explicit relation,Imported from v0.16 Related IDs; relationship semantics require refinement.
REL-0295,ENT-0445,RELATED_TO,ENT-0446,SRC-0208,Legacy explicit relation,Imported from v0.16 Related IDs; relationship semantics require refinement.
REL-0296,ENT-0447,RELATED_TO,ENT-0448,SRC-0209,Legacy explicit relation,Imported from v0.16 Related IDs; relationship semantics require refinement.
REL-0297,ENT-0449,RELATED_TO,ENT-0450,SRC-0210,Legacy explicit relation,Imported from v0.16 Related IDs; relationship semantics require refinement.
REL-0298,ENT-0453,RELATED_TO,ENT-0168,SRC-0213,Legacy explicit relation,Imported from v0.16 Related IDs; relationship semantics require refinement.
REL-0299,ENT-0168,RELATED_TO,ENT-0454,SRC-0213,Legacy explicit relation,Imported from v0.16 Related IDs; relationship semantics require refinement.
REL-0300,ENT-0454,RELATED_TO,ENT-0445,SRC-0212,Legacy explicit relation,Imported from v0.16 Related IDs; relationship semantics require refinement.
REL-0301,ENT-0455,RELATED_TO,ENT-0417,,Legacy explicit relation,Imported from v0.16 Related IDs; relationship semantics require refinement.
REL-0302,ENT-0456,RELATED_TO,ENT-0420,,Legacy explicit relation,Imported from v0.16 Related IDs; relationship semantics require refinement.
REL-0303,ENT-0457,RELATED_TO,ENT-0458,,Legacy explicit relation,Imported from v0.16 Related IDs; relationship semantics require refinement.
REL-0304,ENT-0463,RELATED_TO,ENT-0462,,Legacy explicit relation,Imported from v0.16 Related IDs; relationship semantics require refinement.
REL-0305,ENT-0464,RELATED_TO,ENT-0387,SRC-0216,Legacy explicit relation,Imported from v0.16 Related IDs; relationship semantics require refinement.
REL-0306,ENT-0466,RELATED_TO,ENT-0467,,Legacy explicit relation,Imported from v0.16 Related IDs; relationship semantics require refinement.
REL-0307,ENT-0189,PRODUCED_DOCUMENT,ENT-0469,SRC-0113,High-confidence semantic typing,Political document
REL-0308,ENT-0470,RELATED_TO,ENT-0191,,Legacy explicit relation,Imported from v0.16 Related IDs; relationship semantics require refinement.
REL-0309,ENT-0191,RELATED_TO,ENT-0454,,Legacy explicit relation,Imported from v0.16 Related IDs; relationship semantics require refinement.
REL-0310,ENT-0471,RELATED_TO,ENT-0472,,Legacy explicit relation,Imported from v0.16 Related IDs; relationship semantics require refinement.
REL-0311,ENT-0473,RELATED_TO,ENT-0195,,Legacy explicit relation,Imported from v0.16 Related IDs; relationship semantics require refinement.
REL-0312,ENT-0473,RELATED_TO,ENT-0474,,Legacy explicit relation,Imported from v0.16 Related IDs; relationship semantics require refinement.
REL-0313,ENT-0475,RELATED_TO,ENT-0197,,Legacy explicit relation,Imported from v0.16 Related IDs; relationship semantics require refinement.
REL-0314,ENT-0475,RELATED_TO,ENT-0476,,Legacy explicit relation,Imported from v0.16 Related IDs; relationship semantics require refinement.
REL-0315,ENT-0476,RELATED_TO,ENT-0477,SRC-0230,Legacy explicit relation,Imported from v0.16 Related IDs; relationship semantics require refinement.
REL-0316,ENT-0478,RELATED_TO,ENT-0479,,Legacy explicit relation,Imported from v0.16 Related IDs; relationship semantics require refinement.
REL-0317,ENT-0480,RELATED_TO,ENT-0481,,Legacy explicit relation,Imported from v0.16 Related IDs; relationship semantics require refinement.
REL-0318,ENT-0482,RELATED_TO,ENT-0483,,Legacy explicit relation,Imported from v0.16 Related IDs; relationship semantics require refinement.
REL-0319,ENT-0484,RELATED_TO,ENT-0210,SRC-0226,Legacy explicit relation,Imported from v0.16 Related IDs; relationship semantics require refinement.
REL-0320,ENT-0210,RELATED_TO,ENT-0485,SRC-0227,Legacy explicit relation,Imported from v0.16 Related IDs; relationship semantics require refinement.
REL-0321,ENT-0487,RELATED_TO,ENT-0488,SRC-0220,Legacy explicit relation,Imported from v0.16 Related IDs; relationship semantics require refinement.
REL-0322,ENT-0489,RELATED_TO,ENT-0490,SRC-0219,Legacy explicit relation,Imported from v0.16 Related IDs; relationship semantics require refinement.
REL-0323,ENT-0491,RELATED_TO,ENT-0492,SRC-0221,Legacy explicit relation,Imported from v0.16 Related IDs; relationship semantics require refinement.
REL-0324,ENT-0493,RELATED_TO,ENT-0492,SRC-0218,Legacy explicit relation,Imported from v0.16 Related IDs; relationship semantics require refinement.
REL-0325,ENT-0493,RELATED_TO,ENT-0206,SRC-0218,Legacy explicit relation,Imported from v0.16 Related IDs; relationship semantics require refinement.
REL-0326,ENT-0201,RELATED_TO,ENT-0494,SRC-0223,Legacy explicit relation,Imported from v0.16 Related IDs; relationship semantics require refinement.
REL-0327,ENT-0494,RELATED_TO,ENT-0495,,Legacy explicit relation,Imported from v0.16 Related IDs; relationship semantics require refinement.
REL-0328,ENT-0495,RELATED_TO,ENT-0200,SRC-0224,Legacy explicit relation,Imported from v0.16 Related IDs; relationship semantics require refinement.
REL-0329,ENT-0496,RELATED_TO,ENT-0495,SRC-0224,Legacy explicit relation,Imported from v0.16 Related IDs; relationship semantics require refinement.
REL-0330,ENT-0497,RELATED_TO,ENT-0498,SRC-0225,Legacy explicit relation,Imported from v0.16 Related IDs; relationship semantics require refinement.
REL-0331,ENT-0499,RELATED_TO,ENT-0500,,Legacy explicit relation,Imported from v0.16 Related IDs; relationship semantics require refinement.
REL-0332,ENT-0502,RELATED_TO,ENT-0503,,Legacy explicit relation,Imported from v0.16 Related IDs; relationship semantics require refinement.
REL-0333,ENT-0504,RELATED_TO,ENT-0505,,Legacy explicit relation,Imported from v0.16 Related IDs; relationship semantics require refinement.
REL-0334,ENT-0506,RELATED_TO,ENT-0477,,Legacy explicit relation,Imported from v0.16 Related IDs; relationship semantics require refinement.
REL-0335,ENT-0506,RELATED_TO,ENT-0505,,Legacy explicit relation,Imported from v0.16 Related IDs; relationship semantics require refinement.
REL-0336,ENT-0511,RELATED_TO,ENT-0201,,Legacy explicit relation,Imported from v0.16 Related IDs; relationship semantics require refinement.
REL-0337,ENT-0512,RELATED_TO,ENT-0513,,Legacy explicit relation,Imported from v0.16 Related IDs; relationship semantics require refinement.
REL-0338,ENT-0215,ESCALATION_TRIGGERED_BY,ENT-0514,SRC-0232,High-confidence semantic typing,Immediate crisis trigger; not sole cause
REL-0339,ENT-0215,RELATED_TO,ENT-0515,SRC-0232,Legacy explicit relation,Imported from v0.16 Related IDs; relationship semantics require refinement.
REL-0340,ENT-0515,RELATED_TO,ENT-0516,,Legacy explicit relation,Imported from v0.16 Related IDs; relationship semantics require refinement.
REL-0341,ENT-0516,RELATED_TO,ENT-0517,,Legacy explicit relation,Imported from v0.16 Related IDs; relationship semantics require refinement.
REL-0342,ENT-0518,RELATED_TO,ENT-0519,,Legacy explicit relation,Imported from v0.16 Related IDs; relationship semantics require refinement.
REL-0343,ENT-0520,RELATED_TO,ENT-0215,,Legacy explicit relation,Imported from v0.16 Related IDs; relationship semantics require refinement.
REL-0344,ENT-0520,RELATED_TO,ENT-0225,,Legacy explicit relation,Imported from v0.16 Related IDs; relationship semantics require refinement.
REL-0345,ENT-0521,RELATED_TO,ENT-0215,SRC-0234,Legacy explicit relation,Imported from v0.16 Related IDs; relationship semantics require refinement.
REL-0346,ENT-0522,RELATED_TO,ENT-0523,,Legacy explicit relation,Imported from v0.16 Related IDs; relationship semantics require refinement.
REL-0347,ENT-0522,RELATED_TO,ENT-0524,,Legacy explicit relation,Imported from v0.16 Related IDs; relationship semantics require refinement.
REL-0348,ENT-0524,RELATED_TO,ENT-0523,,Legacy explicit relation,Imported from v0.16 Related IDs; relationship semantics require refinement.
REL-0349,ENT-0525,RELATED_TO,ENT-0526,,Legacy explicit relation,Imported from v0.16 Related IDs; relationship semantics require refinement.
REL-0350,ENT-0526,RELATED_TO,ENT-0527,,Legacy explicit relation,Imported from v0.16 Related IDs; relationship semantics require refinement.
REL-0351,ENT-0527,RELATED_TO,ENT-0528,,Legacy explicit relation,Imported from v0.16 Related IDs; relationship semantics require refinement.
REL-0352,ENT-0528,RELATED_TO,ENT-0529,,Legacy explicit relation,Imported from v0.16 Related IDs; relationship semantics require refinement.
REL-0353,ENT-0528,RELATED_TO,ENT-0222,,Legacy explicit relation,Imported from v0.16 Related IDs; relationship semantics require refinement.
REL-0354,ENT-0221,RELATED_TO,ENT-0530,SRC-0128,Legacy explicit relation,Imported from v0.16 Related IDs; relationship semantics require refinement.
REL-0355,ENT-0221,RELATED_TO,ENT-0531,SRC-0128,Legacy explicit relation,Imported from v0.16 Related IDs; relationship semantics require refinement.
REL-0356,ENT-0531,RELATED_TO,ENT-0532,,Legacy explicit relation,Imported from v0.16 Related IDs; relationship semantics require refinement.
REL-0357,ENT-0531,RELATED_TO,ENT-0222,,Legacy explicit relation,Imported from v0.16 Related IDs; relationship semantics require refinement.
REL-0358,ENT-0532,RELATED_TO,ENT-0223,,Legacy explicit relation,Imported from v0.16 Related IDs; relationship semantics require refinement.
REL-0359,ENT-0223,RELATED_TO,ENT-0531,SRC-0235,Legacy explicit relation,Imported from v0.16 Related IDs; relationship semantics require refinement.
REL-0360,ENT-0533,RELATED_TO,ENT-0534,,Legacy explicit relation,Imported from v0.16 Related IDs; relationship semantics require refinement.
REL-0361,ENT-0534,RELATED_TO,ENT-0492,,Legacy explicit relation,Imported from v0.16 Related IDs; relationship semantics require refinement.
REL-0362,ENT-0534,RELATED_TO,ENT-0520,,Legacy explicit relation,Imported from v0.16 Related IDs; relationship semantics require refinement.
REL-0363,ENT-0535,RELATED_TO,ENT-0536,,Legacy explicit relation,Imported from v0.16 Related IDs; relationship semantics require refinement.
REL-0364,ENT-0537,RELATED_TO,ENT-0538,,Legacy explicit relation,Imported from v0.16 Related IDs; relationship semantics require refinement.
REL-0365,ENT-0222,INCLUDES_EVENT,ENT-0539,SRC-0236,High-confidence semantic typing,Pacific war event
REL-0366,ENT-0222,INCLUDES_EVENT,ENT-0540,SRC-0236,High-confidence semantic typing,War battle
REL-0367,ENT-0222,INCLUDES_EVENT,ENT-0541,SRC-0236,High-confidence semantic typing,War operation
REL-0368,ENT-0542,DEVELOPED_WEAPONS_USED_IN,ENT-0224,,High-confidence semantic typing,Project produced atomic weapons
REL-0369,ENT-0543,RELATED_TO,ENT-0544,SRC-0238,Legacy explicit relation,Imported from v0.16 Related IDs; relationship semantics require refinement.
REL-0370,ENT-0545,RELATED_TO,ENT-0546,SRC-0240,Legacy explicit relation,Imported from v0.16 Related IDs; relationship semantics require refinement.
REL-0371,ENT-0548,RELATED_TO,ENT-0549,SRC-0241,Legacy explicit relation,Imported from v0.16 Related IDs; relationship semantics require refinement.
REL-0372,ENT-0550,RELATED_TO,ENT-0551,,Legacy explicit relation,Imported from v0.16 Related IDs; relationship semantics require refinement.
REL-0373,ENT-0552,RELATED_TO,ENT-0553,,Legacy explicit relation,Imported from v0.16 Related IDs; relationship semantics require refinement.
REL-0374,ENT-0554,RELATED_TO,ENT-0522,SRC-0243,Legacy explicit relation,Imported from v0.16 Related IDs; relationship semantics require refinement.
REL-0375,ENT-0554,RELATED_TO,ENT-0222,SRC-0243,Legacy explicit relation,Imported from v0.16 Related IDs; relationship semantics require refinement.
REL-0376,ENT-0554,RELATED_TO,ENT-0225,SRC-0243,Legacy explicit relation,Imported from v0.16 Related IDs; relationship semantics require refinement.